{
    "PaviaC_OS": {
        "lr_encoder": 0.001,
        "lr_domain": 0.01,
        "source_known_classes": [1, 2, 3, 4, 5, 6, 7],
        "target_known_classes": [1, 2, 3, 4, 5, 6, 7],
        "target_unknown_classes": [9],
        "alpha": 0.01,
        "domain_loss_weight": 1.5,
        "radius_loss_weight": 0.1,
        "anchor_weight": 12,
        "radius_margin": 0.3
    },
    "Houston18_OS": {
        "lr_encoder": 0.001,
        "lr_domain": 0.0001,
        "source_known_classes": [1, 2, 3, 4, 5, 6, 7],
        "target_known_classes": [1, 2, 3, 4, 5, 6, 7],
        "target_unknown_classes": [8, 9, 10, 11, 12, 13, 14, 15, 16, 17, 18, 19],
        "alpha": 0.1,
        "domain_loss_weight": 1.0,
        "radius_loss_weight": 0.1,
        "anchor_weight": 10,
        "radius_margin": 0.01
    },
    "HyRank_target": {
        "lr_encoder": 0.001,
        "lr_domain": 0.0001,
        "source_known_classes": [1, 2, 3, 4, 5, 6, 8, 10, 12],
        "target_known_classes": [1, 2, 3, 4, 5, 6, 8, 10, 12],
        "target_unknown_classes": [7, 9, 11],
        "alpha": 0.01,
        "domain_loss_weight": 1.0,
        "radius_loss_weight": 1.0,
        "batch": 128,
        "anchor_weight": 10,
        "radius_margin": 0.2
    },
    "Yancheng_GF": {
        "lr_encoder": 0.001,
        "lr_domain": 0.0001,
        "source_known_classes": [1, 6, 7],
        "target_known_classes": [1, 6, 7],
        "target_unknown_classes": [2, 3, 4, 5],
        "alpha": 0.01,
        "domain_loss_weight": 1.0,
        "radius_loss_weight": 0.5,
        "batch": 32,
        "anchor_weight": 10,
        "radius_margin": 0.005
    }
}